timestamp,service,metric,value,is_anomaly
2026-06-10 08:00:00,frontend,request_latency_ms_p95,181.95879169217127,0
2026-06-10 08:01:00,frontend,request_latency_ms_p95,191.2074281229175,0
2026-06-10 08:02:00,frontend,request_latency_ms_p95,194.5297017208039,0
2026-06-10 08:03:00,frontend,request_latency_ms_p95,203.00804899435806,0
2026-06-10 08:04:00,frontend,request_latency_ms_p95,207.40886106813275,0
2026-06-10 08:05:00,frontend,request_latency_ms_p95,206.6928274339258,0
2026-06-10 08:06:00,frontend,request_latency_ms_p95,216.81016862107606,0
2026-06-10 08:07:00,frontend,request_latency_ms_p95,213.3764701209231,0
2026-06-10 08:08:00,frontend,request_latency_ms_p95,201.87276153909633,0
2026-06-10 08:09:00,frontend,request_latency_ms_p95,201.61293486916927,0
2026-06-10 08:10:00,frontend,request_latency_ms_p95,197.61380669529527,0
2026-06-10 08:11:00,frontend,request_latency_ms_p95,197.3577556191614,0
2026-06-10 08:12:00,frontend,request_latency_ms_p95,199.62159459154873,0
2026-06-10 08:13:00,frontend,request_latency_ms_p95,210.25989792152444,0
2026-06-10 08:14:00,frontend,request_latency_ms_p95,209.0232819520002,0
2026-06-10 08:15:00,frontend,request_latency_ms_p95,216.15183624349498,0
2026-06-10 08:16:00,frontend,request_latency_ms_p95,221.13062269975896,0
2026-06-10 08:17:00,frontend,request_latency_ms_p95,222.56497332342167,0
2026-06-10 08:18:00,frontend,request_latency_ms_p95,219.1497576177802,0
2026-06-10 08:19:00,frontend,request_latency_ms_p95,238.02898235803048,0
2026-06-10 08:20:00,frontend,request_latency_ms_p95,218.9250246233477,0
2026-06-10 08:21:00,frontend,request_latency_ms_p95,218.83150510481568,0
2026-06-10 08:22:00,frontend,request_latency_ms_p95,213.59204803345327,0
2026-06-10 08:23:00,frontend,request_latency_ms_p95,204.67250708959062,0
2026-06-10 08:24:00,frontend,request_latency_ms_p95,192.54682507586818,0
2026-06-10 08:25:00,frontend,request_latency_ms_p95,191.75055830878887,0
2026-06-10 08:26:00,frontend,request_latency_ms_p95,182.62707651643055,0
2026-06-10 08:27:00,frontend,request_latency_ms_p95,183.8051249347134,0
2026-06-10 08:28:00,frontend,request_latency_ms_p95,172.37365583995322,0
2026-06-10 08:29:00,frontend,request_latency_ms_p95,178.37266735885618,0
2026-06-10 08:30:00,frontend,request_latency_ms_p95,178.3937203862206,0
2026-06-10 08:31:00,frontend,request_latency_ms_p95,181.5666931993996,0
2026-06-10 08:32:00,frontend,request_latency_ms_p95,190.17316466238938,0
2026-06-10 08:33:00,frontend,request_latency_ms_p95,184.31959050925386,0
2026-06-10 08:34:00,frontend,request_latency_ms_p95,183.30506452687405,0
2026-06-10 08:35:00,frontend,request_latency_ms_p95,175.1991111958503,0
2026-06-10 08:36:00,frontend,request_latency_ms_p95,163.75024777521364,0
2026-06-10 08:37:00,frontend,request_latency_ms_p95,162.0297645462877,0
2026-06-10 08:38:00,frontend,request_latency_ms_p95,153.47579663225645,0
2026-06-10 08:39:00,frontend,request_latency_ms_p95,141.60814931327027,0
2026-06-10 08:40:00,frontend,request_latency_ms_p95,147.51626504816386,0
2026-06-10 08:41:00,frontend,request_latency_ms_p95,138.46451713581345,0
2026-06-10 08:42:00,frontend,request_latency_ms_p95,134.0392318508806,0
2026-06-10 08:43:00,frontend,request_latency_ms_p95,139.4014214409382,0
2026-06-10 08:44:00,frontend,request_latency_ms_p95,140.2005463763472,0
2026-06-10 08:45:00,frontend,request_latency_ms_p95,141.41512872444608,0
2026-06-10 08:46:00,frontend,request_latency_ms_p95,143.27026497051443,0
2026-06-10 08:47:00,frontend,request_latency_ms_p95,152.4104838062092,0
2026-06-10 08:48:00,frontend,request_latency_ms_p95,150.0147539879088,0
2026-06-10 08:49:00,frontend,request_latency_ms_p95,168.04407651329234,0
2026-06-10 08:50:00,frontend,request_latency_ms_p95,163.92684502313915,0
2026-06-10 08:51:00,frontend,request_latency_ms_p95,160.15306965241055,0
2026-06-10 08:52:00,frontend,request_latency_ms_p95,151.18654113458894,0
2026-06-10 08:53:00,frontend,request_latency_ms_p95,161.94932139817456,0
2026-06-10 08:54:00,frontend,request_latency_ms_p95,150.120741071257,0
2026-06-10 08:55:00,frontend,request_latency_ms_p95,158.449906165053,0
2026-06-10 08:56:00,frontend,request_latency_ms_p95,145.98122170993452,0
2026-06-10 08:57:00,frontend,request_latency_ms_p95,160.24880441276997,0
2026-06-10 08:58:00,frontend,request_latency_ms_p95,162.21386166477137,0
2026-06-10 08:59:00,frontend,request_latency_ms_p95,177.1084549861177,0
2026-06-10 09:00:00,frontend,request_latency_ms_p95,185.54092188322696,0
2026-06-10 09:01:00,frontend,request_latency_ms_p95,189.87994330067548,0
2026-06-10 09:02:00,frontend,request_latency_ms_p95,202.70135813843712,0
2026-06-10 09:03:00,frontend,request_latency_ms_p95,204.14746224554992,0
2026-06-10 09:04:00,frontend,request_latency_ms_p95,212.85837445251056,0
2026-06-10 09:05:00,frontend,request_latency_ms_p95,209.5162490924641,0
2026-06-10 09:06:00,frontend,request_latency_ms_p95,211.72555368075066,0
2026-06-10 09:07:00,frontend,request_latency_ms_p95,205.44527320464633,0
2026-06-10 09:08:00,frontend,request_latency_ms_p95,205.53652753111498,0
2026-06-10 09:09:00,frontend,request_latency_ms_p95,209.69941966503728,0
2026-06-10 09:10:00,frontend,request_latency_ms_p95,198.8022316834586,0
2026-06-10 09:11:00,frontend,request_latency_ms_p95,195.77194120293188,0
2026-06-10 09:12:00,frontend,request_latency_ms_p95,211.1790325337236,0
2026-06-10 09:13:00,frontend,request_latency_ms_p95,204.37390428911047,0
2026-06-10 09:14:00,frontend,request_latency_ms_p95,209.50527969556668,0
2026-06-10 09:15:00,frontend,request_latency_ms_p95,220.93879325992776,0
2026-06-10 09:16:00,frontend,request_latency_ms_p95,233.8599855109259,0
2026-06-10 09:17:00,frontend,request_latency_ms_p95,225.85780008803974,0
2026-06-10 09:18:00,frontend,request_latency_ms_p95,232.68620874153274,0
2026-06-10 09:19:00,frontend,request_latency_ms_p95,222.95506875005313,0
2026-06-10 09:20:00,frontend,request_latency_ms_p95,223.13870248910538,0
2026-06-10 09:21:00,frontend,request_latency_ms_p95,215.28514821053375,0
2026-06-10 09:22:00,frontend,request_latency_ms_p95,218.63472082840357,0
2026-06-10 09:23:00,frontend,request_latency_ms_p95,200.6252462980843,0
2026-06-10 09:24:00,frontend,request_latency_ms_p95,194.63447217408543,0
2026-06-10 09:25:00,frontend,request_latency_ms_p95,189.51709758448064,0
2026-06-10 09:26:00,frontend,request_latency_ms_p95,180.31829151329413,0
2026-06-10 09:27:00,frontend,request_latency_ms_p95,184.13569008752987,0
2026-06-10 09:28:00,frontend,request_latency_ms_p95,177.94475783973698,0
2026-06-10 09:29:00,frontend,request_latency_ms_p95,182.26766157904424,0
2026-06-10 09:30:00,frontend,request_latency_ms_p95,178.82035071518368,0
2026-06-10 09:31:00,frontend,request_latency_ms_p95,173.10339478080442,0
2026-06-10 09:32:00,frontend,request_latency_ms_p95,182.4418766508235,0
2026-06-10 09:33:00,frontend,request_latency_ms_p95,176.85772842556267,0
2026-06-10 09:34:00,frontend,request_latency_ms_p95,191.0920193557197,0
2026-06-10 09:35:00,frontend,request_latency_ms_p95,180.35594756054056,0
2026-06-10 09:36:00,frontend,request_latency_ms_p95,172.77825085856514,0
2026-06-10 09:37:00,frontend,request_latency_ms_p95,156.8505245177298,0
2026-06-10 09:38:00,frontend,request_latency_ms_p95,155.32737506602967,0
2026-06-10 09:39:00,frontend,request_latency_ms_p95,146.10830645785995,0
2026-06-10 09:40:00,frontend,request_latency_ms_p95,134.34265916602382,0
2026-06-10 09:41:00,frontend,request_latency_ms_p95,143.14710547707298,0
2026-06-10 09:42:00,frontend,request_latency_ms_p95,137.39492936883843,0
2026-06-10 09:43:00,frontend,request_latency_ms_p95,139.55167021031892,0
2026-06-10 09:44:00,frontend,request_latency_ms_p95,140.08593254711099,0
2026-06-10 09:45:00,frontend,request_latency_ms_p95,139.28890006269745,0
2026-06-10 09:46:00,frontend,request_latency_ms_p95,150.62111644294626,0
2026-06-10 09:47:00,frontend,request_latency_ms_p95,163.15257484064603,0
2026-06-10 09:48:00,frontend,request_latency_ms_p95,153.62063346031957,0
2026-06-10 09:49:00,frontend,request_latency_ms_p95,159.66734179815458,0
2026-06-10 09:50:00,frontend,request_latency_ms_p95,162.85064422167062,0
2026-06-10 09:51:00,frontend,request_latency_ms_p95,166.26548845646195,0
2026-06-10 09:52:00,frontend,request_latency_ms_p95,159.0289162247218,0
2026-06-10 09:53:00,frontend,request_latency_ms_p95,161.32779768016903,0
2026-06-10 09:54:00,frontend,request_latency_ms_p95,150.50803830383225,0
2026-06-10 09:55:00,frontend,request_latency_ms_p95,151.20359373731102,0
2026-06-10 09:56:00,frontend,request_latency_ms_p95,160.43985409549896,0
2026-06-10 09:57:00,frontend,request_latency_ms_p95,163.2726665971788,0
2026-06-10 09:58:00,frontend,request_latency_ms_p95,166.3717195107413,0
2026-06-10 09:59:00,frontend,request_latency_ms_p95,168.84315742951628,0
2026-06-10 10:00:00,frontend,request_latency_ms_p95,177.81188482281055,0
2026-06-10 10:01:00,frontend,request_latency_ms_p95,188.51200342350577,0
2026-06-10 10:02:00,frontend,request_latency_ms_p95,195.8265339152989,0
2026-06-10 10:03:00,frontend,request_latency_ms_p95,210.1429040868999,0
2026-06-10 10:04:00,frontend,request_latency_ms_p95,206.88057866137422,0
2026-06-10 10:05:00,frontend,request_latency_ms_p95,208.5606082998137,0
2026-06-10 10:06:00,frontend,request_latency_ms_p95,206.81226947597594,0
2026-06-10 10:07:00,frontend,request_latency_ms_p95,212.0260473097427,0
2026-06-10 10:08:00,frontend,request_latency_ms_p95,213.51306760480017,0
2026-06-10 10:09:00,frontend,request_latency_ms_p95,208.79073011747283,0
2026-06-10 10:10:00,frontend,request_latency_ms_p95,196.49463573119232,0
2026-06-10 10:11:00,frontend,request_latency_ms_p95,207.51968446442706,0
2026-06-10 10:12:00,frontend,request_latency_ms_p95,214.99904183779051,0
2026-06-10 10:13:00,frontend,request_latency_ms_p95,211.1719748241906,0
2026-06-10 10:14:00,frontend,request_latency_ms_p95,213.02269104566776,0
2026-06-10 10:15:00,frontend,request_latency_ms_p95,213.6217896695552,0
2026-06-10 10:16:00,frontend,request_latency_ms_p95,215.72924693872685,0
2026-06-10 10:17:00,frontend,request_latency_ms_p95,222.29453214576918,0
2026-06-10 10:18:00,frontend,request_latency_ms_p95,236.81200791361167,0
2026-06-10 10:19:00,frontend,request_latency_ms_p95,233.6049823746036,0
2026-06-10 10:20:00,frontend,request_latency_ms_p95,221.9884957144776,0
2026-06-10 10:21:00,frontend,request_latency_ms_p95,220.62793808074733,0
2026-06-10 10:22:00,frontend,request_latency_ms_p95,218.7134414864845,0
2026-06-10 10:23:00,frontend,request_latency_ms_p95,205.07390681340476,0
2026-06-10 10:24:00,frontend,request_latency_ms_p95,198.38039838250492,0
2026-06-10 10:25:00,frontend,request_latency_ms_p95,181.18460311067892,0
2026-06-10 10:26:00,frontend,request_latency_ms_p95,185.56246123698406,0
2026-06-10 10:27:00,frontend,request_latency_ms_p95,182.11238008395023,0
2026-06-10 10:28:00,frontend,request_latency_ms_p95,184.38186112562502,0
2026-06-10 10:29:00,frontend,request_latency_ms_p95,174.9730085858048,0
2026-06-10 10:30:00,frontend,request_latency_ms_p95,180.88406036871032,0
2026-06-10 10:31:00,frontend,request_latency_ms_p95,184.80181422717772,0
2026-06-10 10:32:00,frontend,request_latency_ms_p95,191.5044953479039,0
2026-06-10 10:33:00,frontend,request_latency_ms_p95,184.13366836900704,0
2026-06-10 10:34:00,frontend,request_latency_ms_p95,180.71286613825998,0
2026-06-10 10:35:00,frontend,request_latency_ms_p95,173.44444107992996,0
2026-06-10 10:36:00,frontend,request_latency_ms_p95,166.21856962080489,0
2026-06-10 10:37:00,frontend,request_latency_ms_p95,162.6515568581095,0
2026-06-10 10:38:00,frontend,request_latency_ms_p95,148.23328579632278,0
2026-06-10 10:39:00,frontend,request_latency_ms_p95,148.43646955386484,0
2026-06-10 10:40:00,frontend,request_latency_ms_p95,137.78304222488555,0
2026-06-10 10:41:00,frontend,request_latency_ms_p95,143.43975394382184,0
2026-06-10 10:42:00,frontend,request_latency_ms_p95,132.81128637723813,0
2026-06-10 10:43:00,frontend,request_latency_ms_p95,138.92043118116402,0
2026-06-10 10:44:00,frontend,request_latency_ms_p95,140.95403668348794,0
2026-06-10 10:45:00,frontend,request_latency_ms_p95,144.39890470696582,0
2026-06-10 10:46:00,frontend,request_latency_ms_p95,155.78753627791588,0
2026-06-10 10:47:00,frontend,request_latency_ms_p95,164.2893127140119,0
2026-06-10 10:48:00,frontend,request_latency_ms_p95,152.6405246885247,0
2026-06-10 10:49:00,frontend,request_latency_ms_p95,162.33509970860686,0
2026-06-10 10:50:00,frontend,request_latency_ms_p95,163.30282771401204,0
2026-06-10 10:51:00,frontend,request_latency_ms_p95,161.119371060013,0
2026-06-10 10:52:00,frontend,request_latency_ms_p95,163.51883064009596,0
2026-06-10 10:53:00,frontend,request_latency_ms_p95,163.21766879521738,0
2026-06-10 10:54:00,frontend,request_latency_ms_p95,155.4151314461123,0
2026-06-10 10:55:00,frontend,request_latency_ms_p95,154.83402737557026,0
2026-06-10 10:56:00,frontend,request_latency_ms_p95,155.45213801209422,0
2026-06-10 10:57:00,frontend,request_latency_ms_p95,147.6953109991053,0
2026-06-10 10:58:00,frontend,request_latency_ms_p95,172.31570863528634,0
2026-06-10 10:59:00,frontend,request_latency_ms_p95,177.0569260283637,0
2026-06-10 11:00:00,frontend,request_latency_ms_p95,185.9334422947527,0
2026-06-10 11:01:00,frontend,request_latency_ms_p95,191.18978351003554,0
2026-06-10 11:02:00,frontend,request_latency_ms_p95,199.62878387234383,0
2026-06-10 11:03:00,frontend,request_latency_ms_p95,206.0407416588947,0
2026-06-10 11:04:00,frontend,request_latency_ms_p95,217.47036859834037,0
2026-06-10 11:05:00,frontend,request_latency_ms_p95,295.4480795495882,1
2026-06-10 11:06:00,frontend,request_latency_ms_p95,291.3419625767498,0
2026-06-10 11:07:00,frontend,request_latency_ms_p95,287.8623241240433,0
2026-06-10 11:08:00,frontend,request_latency_ms_p95,291.5039273656007,0
2026-06-10 11:09:00,frontend,request_latency_ms_p95,297.9523750909588,0
2026-06-10 11:10:00,frontend,request_latency_ms_p95,200.02852319852062,1
2026-06-10 11:11:00,frontend,request_latency_ms_p95,203.81892040211966,0
2026-06-10 11:12:00,frontend,request_latency_ms_p95,213.3782769702351,0
2026-06-10 11:13:00,frontend,request_latency_ms_p95,208.1513097653074,0
2026-06-10 11:14:00,frontend,request_latency_ms_p95,216.80351910220176,0
2026-06-10 11:15:00,frontend,request_latency_ms_p95,215.95415954825745,0
2026-06-10 11:16:00,frontend,request_latency_ms_p95,232.40471936387007,0
2026-06-10 11:17:00,frontend,request_latency_ms_p95,227.61366641021033,0
2026-06-10 11:18:00,frontend,request_latency_ms_p95,223.63812966847752,0
2026-06-10 11:19:00,frontend,request_latency_ms_p95,221.10065415172696,0
2026-06-10 11:20:00,frontend,request_latency_ms_p95,223.197184411922,0
2026-06-10 11:21:00,frontend,request_latency_ms_p95,218.28669209694647,0
2026-06-10 11:22:00,frontend,request_latency_ms_p95,221.3135538065608,0
2026-06-10 11:23:00,frontend,request_latency_ms_p95,201.09021245684744,0
2026-06-10 11:24:00,frontend,request_latency_ms_p95,198.0812485688565,0
2026-06-10 11:25:00,frontend,request_latency_ms_p95,199.62798529155438,0
2026-06-10 11:26:00,frontend,request_latency_ms_p95,187.67169326411923,0
2026-06-10 11:27:00,frontend,request_latency_ms_p95,184.52342569858578,0
2026-06-10 11:28:00,frontend,request_latency_ms_p95,174.44458599651037,0
2026-06-10 11:29:00,frontend,request_latency_ms_p95,188.63986220417328,0
2026-06-10 11:30:00,frontend,request_latency_ms_p95,183.09244297214374,0
2026-06-10 11:31:00,frontend,request_latency_ms_p95,184.63154615248865,0
2026-06-10 11:32:00,frontend,request_latency_ms_p95,188.4317693303955,0
2026-06-10 11:33:00,frontend,request_latency_ms_p95,183.10968840394077,0
2026-06-10 11:34:00,frontend,request_latency_ms_p95,185.99032523480014,0
2026-06-10 11:35:00,frontend,request_latency_ms_p95,180.930427110883,0
2026-06-10 11:36:00,frontend,request_latency_ms_p95,170.54623145496618,0
2026-06-10 11:37:00,frontend,request_latency_ms_p95,165.7761574323001,0
2026-06-10 11:38:00,frontend,request_latency_ms_p95,149.06412689460316,0
2026-06-10 11:39:00,frontend,request_latency_ms_p95,147.6024716351386,0
2026-06-10 11:40:00,frontend,request_latency_ms_p95,145.29893678781045,0
2026-06-10 11:41:00,frontend,request_latency_ms_p95,143.27874919419904,0
2026-06-10 11:42:00,frontend,request_latency_ms_p95,139.28016997116708,0
2026-06-10 11:43:00,frontend,request_latency_ms_p95,149.18625062460958,0
2026-06-10 11:44:00,frontend,request_latency_ms_p95,144.854833726442,0
2026-06-10 11:45:00,frontend,request_latency_ms_p95,146.1617962329393,0
2026-06-10 11:46:00,frontend,request_latency_ms_p95,161.98773771377034,0
2026-06-10 11:47:00,frontend,request_latency_ms_p95,162.77809154608866,0
2026-06-10 11:48:00,frontend,request_latency_ms_p95,159.62675811124265,0
2026-06-10 11:49:00,frontend,request_latency_ms_p95,165.77025171358156,0
2026-06-10 11:50:00,frontend,request_latency_ms_p95,171.8589385447391,0
2026-06-10 11:51:00,frontend,request_latency_ms_p95,164.0228131074394,0
2026-06-10 11:52:00,frontend,request_latency_ms_p95,161.41678361440378,0
2026-06-10 11:53:00,frontend,request_latency_ms_p95,158.9959021495263,0
2026-06-10 11:54:00,frontend,request_latency_ms_p95,152.21676749579865,0
2026-06-10 11:55:00,frontend,request_latency_ms_p95,151.59260422098438,0
2026-06-10 11:56:00,frontend,request_latency_ms_p95,168.0311146618846,0
2026-06-10 11:57:00,frontend,request_latency_ms_p95,167.77409266826166,0
2026-06-10 11:58:00,frontend,request_latency_ms_p95,165.129411860539,0
2026-06-10 11:59:00,frontend,request_latency_ms_p95,182.21881321784872,0
2026-06-10 12:00:00,frontend,request_latency_ms_p95,190.33380679438218,0
2026-06-10 12:01:00,frontend,request_latency_ms_p95,193.8287654416142,0
2026-06-10 12:02:00,frontend,request_latency_ms_p95,208.81353290232167,0
2026-06-10 12:03:00,frontend,request_latency_ms_p95,212.19458010309276,0
2026-06-10 12:04:00,frontend,request_latency_ms_p95,213.3585286058578,0
2026-06-10 12:05:00,frontend,request_latency_ms_p95,211.8970203338768,0
2026-06-10 12:06:00,frontend,request_latency_ms_p95,216.8402074443962,0
2026-06-10 12:07:00,frontend,request_latency_ms_p95,214.99473174875385,0
2026-06-10 12:08:00,frontend,request_latency_ms_p95,214.80158470737894,0
2026-06-10 12:09:00,frontend,request_latency_ms_p95,213.24392940438662,0
2026-06-10 12:10:00,frontend,request_latency_ms_p95,,0
2026-06-10 12:11:00,frontend,request_latency_ms_p95,,0
2026-06-10 12:12:00,frontend,request_latency_ms_p95,,0
2026-06-10 12:13:00,frontend,request_latency_ms_p95,,0
2026-06-10 12:14:00,frontend,request_latency_ms_p95,218.5266260824116,0
2026-06-10 12:15:00,frontend,request_latency_ms_p95,219.26297442917286,0
2026-06-10 12:16:00,frontend,request_latency_ms_p95,233.34882227041862,0
2026-06-10 12:17:00,frontend,request_latency_ms_p95,234.5197008372967,0
2026-06-10 12:18:00,frontend,request_latency_ms_p95,230.7799472363504,0
2026-06-10 12:19:00,frontend,request_latency_ms_p95,243.61781097738933,0
2026-06-10 12:20:00,frontend,request_latency_ms_p95,227.09111673354496,0
2026-06-10 12:21:00,frontend,request_latency_ms_p95,226.51672899226756,0
2026-06-10 12:22:00,frontend,request_latency_ms_p95,217.10953267538252,0
2026-06-10 12:23:00,frontend,request_latency_ms_p95,206.30573461602143,0
2026-06-10 12:24:00,frontend,request_latency_ms_p95,207.18523108651226,0
2026-06-10 12:25:00,frontend,request_latency_ms_p95,193.49169305042423,0
2026-06-10 12:26:00,frontend,request_latency_ms_p95,193.01204901473312,0
2026-06-10 12:27:00,frontend,request_latency_ms_p95,194.17042306350442,0
2026-06-10 12:28:00,frontend,request_latency_ms_p95,182.24443052250854,0
2026-06-10 12:29:00,frontend,request_latency_ms_p95,184.56346698600126,0
2026-06-10 12:30:00,frontend,request_latency_ms_p95,182.78517796241283,0
2026-06-10 12:31:00,frontend,request_latency_ms_p95,188.21178711573432,0
2026-06-10 12:32:00,frontend,request_latency_ms_p95,186.3438495581642,0
2026-06-10 12:33:00,frontend,request_latency_ms_p95,181.40562253726156,0
2026-06-10 12:34:00,frontend,request_latency_ms_p95,184.20516172101318,0
2026-06-10 12:35:00,frontend,request_latency_ms_p95,179.77348710475908,0
2026-06-10 12:36:00,frontend,request_latency_ms_p95,172.2911325728717,0
2026-06-10 12:37:00,frontend,request_latency_ms_p95,162.6045340257987,0
2026-06-10 12:38:00,frontend,request_latency_ms_p95,155.1764072903756,0
2026-06-10 12:39:00,frontend,request_latency_ms_p95,148.9999218561633,0
2026-06-10 12:40:00,frontend,request_latency_ms_p95,141.6260750852259,0
2026-06-10 12:41:00,frontend,request_latency_ms_p95,149.8877990944883,0
2026-06-10 12:42:00,frontend,request_latency_ms_p95,142.19273853879616,0
2026-06-10 12:43:00,frontend,request_latency_ms_p95,143.3993679125358,0
2026-06-10 12:44:00,frontend,request_latency_ms_p95,153.75469691193027,0
2026-06-10 12:45:00,frontend,request_latency_ms_p95,154.8748138708814,0
2026-06-10 12:46:00,frontend,request_latency_ms_p95,152.17255293792542,0
2026-06-10 12:47:00,frontend,request_latency_ms_p95,160.37157216191204,0
2026-06-10 12:48:00,frontend,request_latency_ms_p95,171.84422923585882,0
2026-06-10 12:49:00,frontend,request_latency_ms_p95,167.02968130208683,0
2026-06-10 12:50:00,frontend,request_latency_ms_p95,156.90053308561752,0
2026-06-10 12:51:00,frontend,request_latency_ms_p95,164.44127050902975,0
2026-06-10 12:52:00,frontend,request_latency_ms_p95,161.4204424485577,0
2026-06-10 12:53:00,frontend,request_latency_ms_p95,160.42486042907746,0
2026-06-10 12:54:00,frontend,request_latency_ms_p95,153.65789299327307,0
2026-06-10 12:55:00,frontend,request_latency_ms_p95,157.10912047663632,0
2026-06-10 12:56:00,frontend,request_latency_ms_p95,159.17893968754103,0
2026-06-10 12:57:00,frontend,request_latency_ms_p95,162.98766467283133,0
2026-06-10 12:58:00,frontend,request_latency_ms_p95,160.73717970909206,0
2026-06-10 12:59:00,frontend,request_latency_ms_p95,173.46286334650165,0
2026-06-10 13:00:00,frontend,request_latency_ms_p95,187.38337711920573,0
2026-06-10 13:01:00,frontend,request_latency_ms_p95,196.29178892370146,0
2026-06-10 13:02:00,frontend,request_latency_ms_p95,203.56928562133763,0
2026-06-10 13:03:00,frontend,request_latency_ms_p95,206.21019558636297,0
2026-06-10 13:04:00,frontend,request_latency_ms_p95,218.30235635289742,0
2026-06-10 13:05:00,frontend,request_latency_ms_p95,225.94410402787378,0
2026-06-10 13:06:00,frontend,request_latency_ms_p95,213.12588447209947,0
2026-06-10 13:07:00,frontend,request_latency_ms_p95,217.59893086092782,0
2026-06-10 13:08:00,frontend,request_latency_ms_p95,218.31610274063976,0
2026-06-10 13:09:00,frontend,request_latency_ms_p95,213.84952520407813,0
2026-06-10 13:10:00,frontend,request_latency_ms_p95,206.0779218402632,0
2026-06-10 13:11:00,frontend,request_latency_ms_p95,208.48366977000614,0
2026-06-10 13:12:00,frontend,request_latency_ms_p95,216.35930939966826,0
2026-06-10 13:13:00,frontend,request_latency_ms_p95,213.98559556992333,0
2026-06-10 13:14:00,frontend,request_latency_ms_p95,217.74674697125837,0
2026-06-10 13:15:00,frontend,request_latency_ms_p95,220.68063654555692,0
2026-06-10 13:16:00,frontend,request_latency_ms_p95,226.48342795570312,0
2026-06-10 13:17:00,frontend,request_latency_ms_p95,228.43900428104968,0
2026-06-10 13:18:00,frontend,request_latency_ms_p95,237.88052860432924,0
2026-06-10 13:19:00,frontend,request_latency_ms_p95,227.512432696825,0
2026-06-10 13:20:00,frontend,request_latency_ms_p95,231.13075714876044,0
2026-06-10 13:21:00,frontend,request_latency_ms_p95,218.18988663735124,0
2026-06-10 13:22:00,frontend,request_latency_ms_p95,221.6559819737223,0
2026-06-10 13:23:00,frontend,request_latency_ms_p95,207.9715644038188,0
2026-06-10 13:24:00,frontend,request_latency_ms_p95,202.26210496037163,0
2026-06-10 13:25:00,frontend,request_latency_ms_p95,201.01407664943378,0
2026-06-10 13:26:00,frontend,request_latency_ms_p95,187.79480216230365,0
2026-06-10 13:27:00,frontend,request_latency_ms_p95,193.7489563757326,0
2026-06-10 13:28:00,frontend,request_latency_ms_p95,188.94740308251556,0
2026-06-10 13:29:00,frontend,request_latency_ms_p95,186.65800091180137,0
2026-06-10 13:30:00,frontend,request_latency_ms_p95,196.0660194233654,0
2026-06-10 13:31:00,frontend,request_latency_ms_p95,182.7566457903854,0
2026-06-10 13:32:00,frontend,request_latency_ms_p95,107.27142191327133,1
2026-06-10 13:33:00,frontend,request_latency_ms_p95,114.04823873131517,0
2026-06-10 13:34:00,frontend,request_latency_ms_p95,113.87528501168276,0
2026-06-10 13:35:00,frontend,request_latency_ms_p95,104.55208021885744,0
2026-06-10 13:36:00,frontend,request_latency_ms_p95,92.71823189928955,0
2026-06-10 13:37:00,frontend,request_latency_ms_p95,167.27497543321823,1
2026-06-10 13:38:00,frontend,request_latency_ms_p95,158.2185784581588,0
2026-06-10 13:39:00,frontend,request_latency_ms_p95,155.43497735108295,0
2026-06-10 13:40:00,frontend,request_latency_ms_p95,143.79364664948713,0
2026-06-10 13:41:00,frontend,request_latency_ms_p95,148.27666035230814,0
2026-06-10 13:42:00,frontend,request_latency_ms_p95,145.48797523633232,0
2026-06-10 13:43:00,frontend,request_latency_ms_p95,142.81049018701088,0
2026-06-10 13:44:00,frontend,request_latency_ms_p95,145.08065601509685,0
2026-06-10 13:45:00,frontend,request_latency_ms_p95,150.04206295905604,0
2026-06-10 13:46:00,frontend,request_latency_ms_p95,157.26018761955308,0
2026-06-10 13:47:00,frontend,request_latency_ms_p95,162.51740491706158,0
2026-06-10 13:48:00,frontend,request_latency_ms_p95,166.99287094607627,0
2026-06-10 13:49:00,frontend,request_latency_ms_p95,166.4110483829132,0
2026-06-10 13:50:00,frontend,request_latency_ms_p95,168.17182127615808,0
2026-06-10 13:51:00,frontend,request_latency_ms_p95,175.34760563207016,0
2026-06-10 13:52:00,frontend,request_latency_ms_p95,157.30903011199325,0
2026-06-10 13:53:00,frontend,request_latency_ms_p95,155.84198494500652,0
2026-06-10 13:54:00,frontend,request_latency_ms_p95,156.15579594749101,0
2026-06-10 13:55:00,frontend,request_latency_ms_p95,168.76533502279574,0
2026-06-10 13:56:00,frontend,request_latency_ms_p95,163.89305838586046,0
2026-06-10 13:57:00,frontend,request_latency_ms_p95,169.14254321428854,0
2026-06-10 13:58:00,frontend,request_latency_ms_p95,171.96709325372416,0
2026-06-10 13:59:00,frontend,request_latency_ms_p95,181.99371100434635,0
2026-06-10 14:00:00,frontend,request_latency_ms_p95,185.67576185149534,0
2026-06-10 14:01:00,frontend,request_latency_ms_p95,195.00729962681442,0
2026-06-10 14:02:00,frontend,request_latency_ms_p95,202.81195976402273,0
2026-06-10 14:03:00,frontend,request_latency_ms_p95,205.9867338546044,0
2026-06-10 14:04:00,frontend,request_latency_ms_p95,212.48429385384034,0
2026-06-10 14:05:00,frontend,request_latency_ms_p95,217.8623474192678,0
2026-06-10 14:06:00,frontend,request_latency_ms_p95,223.16918101348972,0
2026-06-10 14:07:00,frontend,request_latency_ms_p95,207.47410958755742,0
2026-06-10 14:08:00,frontend,request_latency_ms_p95,215.2758070492409,0
2026-06-10 14:09:00,frontend,request_latency_ms_p95,219.6269136821615,0
2026-06-10 14:10:00,frontend,request_latency_ms_p95,208.79794193254887,0
2026-06-10 14:11:00,frontend,request_latency_ms_p95,208.08325841811035,0
2026-06-10 14:12:00,frontend,request_latency_ms_p95,211.17235941372144,0
2026-06-10 14:13:00,frontend,request_latency_ms_p95,212.71795769220415,0
2026-06-10 14:14:00,frontend,request_latency_ms_p95,214.8790310816947,0
2026-06-10 14:15:00,frontend,request_latency_ms_p95,224.4809464765823,0
2026-06-10 14:16:00,frontend,request_latency_ms_p95,228.59801647413713,0
2026-06-10 14:17:00,frontend,request_latency_ms_p95,236.09450179022008,0
2026-06-10 14:18:00,frontend,request_latency_ms_p95,235.68376251016184,0
2026-06-10 14:19:00,frontend,request_latency_ms_p95,236.71402545275316,0
2026-06-10 14:20:00,frontend,request_latency_ms_p95,231.16062426434243,0
2026-06-10 14:21:00,frontend,request_latency_ms_p95,218.15309382160387,0
2026-06-10 14:22:00,frontend,request_latency_ms_p95,215.59901626912077,0
2026-06-10 14:23:00,frontend,request_latency_ms_p95,215.89216295211145,0
2026-06-10 14:24:00,frontend,request_latency_ms_p95,203.85767630194044,0
2026-06-10 14:25:00,frontend,request_latency_ms_p95,191.98691746913906,0
2026-06-10 14:26:00,frontend,request_latency_ms_p95,187.48213333221895,0
2026-06-10 14:27:00,frontend,request_latency_ms_p95,195.94282427635687,0
2026-06-10 14:28:00,frontend,request_latency_ms_p95,190.59265180253334,0
2026-06-10 14:29:00,frontend,request_latency_ms_p95,187.00332999246322,0
2026-06-10 14:30:00,frontend,request_latency_ms_p95,182.4814076677264,0
2026-06-10 14:31:00,frontend,request_latency_ms_p95,198.55806086292446,0
2026-06-10 14:32:00,frontend,request_latency_ms_p95,185.64241964058584,0
2026-06-10 14:33:00,frontend,request_latency_ms_p95,187.45390233207002,0
2026-06-10 14:34:00,frontend,request_latency_ms_p95,190.65533912694866,0
2026-06-10 14:35:00,frontend,request_latency_ms_p95,186.78792558575194,0
2026-06-10 14:36:00,frontend,request_latency_ms_p95,176.34019283925483,0
2026-06-10 14:37:00,frontend,request_latency_ms_p95,163.2993998149806,0
2026-06-10 14:38:00,frontend,request_latency_ms_p95,160.1506185624275,0
2026-06-10 14:39:00,frontend,request_latency_ms_p95,141.63869096138674,0
2026-06-10 14:40:00,frontend,request_latency_ms_p95,154.2819564889969,0
2026-06-10 14:41:00,frontend,request_latency_ms_p95,142.50435924926487,0
2026-06-10 14:42:00,frontend,request_latency_ms_p95,149.5260875628153,0
2026-06-10 14:43:00,frontend,request_latency_ms_p95,152.39032779550948,0
2026-06-10 14:44:00,frontend,request_latency_ms_p95,153.99690664317114,0
2026-06-10 14:45:00,frontend,request_latency_ms_p95,159.2234345606593,0
2026-06-10 14:46:00,frontend,request_latency_ms_p95,159.66050566766248,0
2026-06-10 14:47:00,frontend,request_latency_ms_p95,172.56627259518595,0
2026-06-10 14:48:00,frontend,request_latency_ms_p95,169.58691539852703,0
2026-06-10 14:49:00,frontend,request_latency_ms_p95,167.80825310431524,0
2026-06-10 14:50:00,frontend,request_latency_ms_p95,169.13674701661068,0
2026-06-10 14:51:00,frontend,request_latency_ms_p95,166.9305709573896,0
2026-06-10 14:52:00,frontend,request_latency_ms_p95,167.56177511454433,0
2026-06-10 14:53:00,frontend,request_latency_ms_p95,160.48066116439847,0
2026-06-10 14:54:00,frontend,request_latency_ms_p95,164.9256089993405,0
2026-06-10 14:55:00,frontend,request_latency_ms_p95,169.56948656532117,0
2026-06-10 14:56:00,frontend,request_latency_ms_p95,159.84734911219243,0
2026-06-10 14:57:00,frontend,request_latency_ms_p95,168.43017013844903,0
2026-06-10 14:58:00,frontend,request_latency_ms_p95,176.29838191841986,0
2026-06-10 14:59:00,frontend,request_latency_ms_p95,186.1215411785505,0
2026-06-10 15:00:00,frontend,request_latency_ms_p95,194.10248965658428,0
2026-06-10 15:01:00,frontend,request_latency_ms_p95,196.650295487592,0
2026-06-10 15:02:00,frontend,request_latency_ms_p95,204.2018990164813,0
2026-06-10 15:03:00,frontend,request_latency_ms_p95,215.3781083406892,0
2026-06-10 15:04:00,frontend,request_latency_ms_p95,221.92540870485482,0
2026-06-10 15:05:00,frontend,request_latency_ms_p95,216.75290514898543,0
2026-06-10 15:06:00,frontend,request_latency_ms_p95,218.79586031581326,0
2026-06-10 15:07:00,frontend,request_latency_ms_p95,219.19313856650996,0
2026-06-10 15:08:00,frontend,request_latency_ms_p95,216.56307859432562,0
2026-06-10 15:09:00,frontend,request_latency_ms_p95,209.9754487835131,0
2026-06-10 15:10:00,frontend,request_latency_ms_p95,208.64335785863247,0
2026-06-10 15:11:00,frontend,request_latency_ms_p95,213.66025966473083,0
2026-06-10 15:12:00,frontend,request_latency_ms_p95,215.92488027447746,0
2026-06-10 15:13:00,frontend,request_latency_ms_p95,215.09857766084582,0
2026-06-10 15:14:00,frontend,request_latency_ms_p95,216.39524327519428,0
2026-06-10 15:15:00,frontend,request_latency_ms_p95,224.29843803805923,0
2026-06-10 15:16:00,frontend,request_latency_ms_p95,238.1344426662022,0
2026-06-10 15:17:00,frontend,request_latency_ms_p95,245.62066221791403,0
2026-06-10 15:18:00,frontend,request_latency_ms_p95,228.2477054524773,0
2026-06-10 15:19:00,frontend,request_latency_ms_p95,234.10307621381094,0
2026-06-10 15:20:00,frontend,request_latency_ms_p95,225.24803035424335,0
2026-06-10 15:21:00,frontend,request_latency_ms_p95,224.21477984537583,0
2026-06-10 15:22:00,frontend,request_latency_ms_p95,225.4862548099598,0
2026-06-10 15:23:00,frontend,request_latency_ms_p95,209.26521849829786,0
2026-06-10 15:24:00,frontend,request_latency_ms_p95,201.02507873465552,0
2026-06-10 15:25:00,frontend,request_latency_ms_p95,197.2629405703322,0
2026-06-10 15:26:00,frontend,request_latency_ms_p95,192.25756734144963,0
2026-06-10 15:27:00,frontend,request_latency_ms_p95,184.28662227155036,0
2026-06-10 15:28:00,frontend,request_latency_ms_p95,186.8582139369272,0
2026-06-10 15:29:00,frontend,request_latency_ms_p95,188.18461571891595,0
2026-06-10 15:30:00,frontend,request_latency_ms_p95,193.11630726656384,0
2026-06-10 15:31:00,frontend,request_latency_ms_p95,192.44460239411487,0
2026-06-10 15:32:00,frontend,request_latency_ms_p95,183.67429906311563,0
2026-06-10 15:33:00,frontend,request_latency_ms_p95,191.08443058439457,0
2026-06-10 15:34:00,frontend,request_latency_ms_p95,189.60390513852508,0
2026-06-10 15:35:00,frontend,request_latency_ms_p95,186.16257240384766,0
2026-06-10 15:36:00,frontend,request_latency_ms_p95,176.07129650213767,0
2026-06-10 15:37:00,frontend,request_latency_ms_p95,161.9598867681853,0
2026-06-10 15:38:00,frontend,request_latency_ms_p95,157.9986902799496,0
2026-06-10 15:39:00,frontend,request_latency_ms_p95,148.39171927344714,0
2026-06-10 15:40:00,frontend,request_latency_ms_p95,154.06383413241878,0
2026-06-10 15:41:00,frontend,request_latency_ms_p95,140.09282908843898,0
2026-06-10 15:42:00,frontend,request_latency_ms_p95,142.47749654119352,0
2026-06-10 15:43:00,frontend,request_latency_ms_p95,147.66919254884618,0
2026-06-10 15:44:00,frontend,request_latency_ms_p95,154.0055258520996,0
2026-06-10 15:45:00,frontend,request_latency_ms_p95,160.46373177333362,0
2026-06-10 15:46:00,frontend,request_latency_ms_p95,159.55985453914806,0
2026-06-10 15:47:00,frontend,request_latency_ms_p95,175.17873196358053,0
2026-06-10 15:48:00,frontend,request_latency_ms_p95,169.2965280275156,0
2026-06-10 15:49:00,frontend,request_latency_ms_p95,169.35023063368834,0
2026-06-10 15:50:00,frontend,request_latency_ms_p95,174.4053896815803,0
2026-06-10 15:51:00,frontend,request_latency_ms_p95,173.82168365584215,0
2026-06-10 15:52:00,frontend,request_latency_ms_p95,165.1333584341839,0
2026-06-10 15:53:00,frontend,request_latency_ms_p95,168.23440041934546,0
2026-06-10 15:54:00,frontend,request_latency_ms_p95,162.94566105469013,0
2026-06-10 15:55:00,frontend,request_latency_ms_p95,166.56939113811552,0
2026-06-10 15:56:00,frontend,request_latency_ms_p95,163.45563979136685,0
2026-06-10 15:57:00,frontend,request_latency_ms_p95,172.76601584786616,0
2026-06-10 15:58:00,frontend,request_latency_ms_p95,188.93253666510208,0
2026-06-10 15:59:00,frontend,request_latency_ms_p95,184.60859393824697,0
2026-06-10 16:00:00,frontend,request_latency_ms_p95,192.51609069840626,0
2026-06-10 16:01:00,frontend,request_latency_ms_p95,201.92431275593967,0
2026-06-10 16:02:00,frontend,request_latency_ms_p95,212.05809404052295,0
2026-06-10 16:03:00,frontend,request_latency_ms_p95,216.58324833665606,0
2026-06-10 16:04:00,frontend,request_latency_ms_p95,224.01209596832214,0
2026-06-10 16:05:00,frontend,request_latency_ms_p95,225.17275689492305,0
2026-06-10 16:06:00,frontend,request_latency_ms_p95,321.619737313674,1
2026-06-10 16:07:00,frontend,request_latency_ms_p95,315.02631329472723,0
2026-06-10 16:08:00,frontend,request_latency_ms_p95,312.28539660803807,0
2026-06-10 16:09:00,frontend,request_latency_ms_p95,308.2675828955503,0
2026-06-10 16:10:00,frontend,request_latency_ms_p95,308.8659404273747,0
2026-06-10 16:11:00,frontend,request_latency_ms_p95,203.64266033358413,1
2026-06-10 16:12:00,frontend,request_latency_ms_p95,211.60701173752912,0
2026-06-10 16:13:00,frontend,request_latency_ms_p95,225.11961757086573,0
2026-06-10 16:14:00,frontend,request_latency_ms_p95,220.1859659834547,0
2026-06-10 16:15:00,frontend,request_latency_ms_p95,235.07448354380287,0
2026-06-10 16:16:00,frontend,request_latency_ms_p95,230.66775694559263,0
2026-06-10 16:17:00,frontend,request_latency_ms_p95,236.58408179222275,0
2026-06-10 16:18:00,frontend,request_latency_ms_p95,242.41482669674065,0
2026-06-10 16:19:00,frontend,request_latency_ms_p95,242.17491528045642,0
2026-06-10 16:20:00,frontend,request_latency_ms_p95,235.2282515853046,0
2026-06-10 16:21:00,frontend,request_latency_ms_p95,225.5224063054466,0
2026-06-10 16:22:00,frontend,request_latency_ms_p95,215.82682232922954,0
2026-06-10 16:23:00,frontend,request_latency_ms_p95,219.07716217285926,0
2026-06-10 16:24:00,frontend,request_latency_ms_p95,203.46736229560645,0
2026-06-10 16:25:00,frontend,request_latency_ms_p95,195.0808404147764,0
2026-06-10 16:26:00,frontend,request_latency_ms_p95,203.966050536034,0
2026-06-10 16:27:00,frontend,request_latency_ms_p95,194.40783703546418,0
2026-06-10 16:28:00,frontend,request_latency_ms_p95,188.09211102947071,0
2026-06-10 16:29:00,frontend,request_latency_ms_p95,188.44151183712995,0
2026-06-10 16:30:00,frontend,request_latency_ms_p95,190.768044190273,0
2026-06-10 16:31:00,frontend,request_latency_ms_p95,190.2838116057098,0
2026-06-10 16:32:00,frontend,request_latency_ms_p95,190.5204916408375,0
2026-06-10 16:33:00,frontend,request_latency_ms_p95,196.48225429092258,0
2026-06-10 16:34:00,frontend,request_latency_ms_p95,184.98233696184246,0
2026-06-10 16:35:00,frontend,request_latency_ms_p95,192.83606164299465,0
2026-06-10 16:36:00,frontend,request_latency_ms_p95,180.89100863724283,0
2026-06-10 16:37:00,frontend,request_latency_ms_p95,168.66112441680897,0
2026-06-10 16:38:00,frontend,request_latency_ms_p95,162.54399233960703,0
2026-06-10 16:39:00,frontend,request_latency_ms_p95,148.34474173157005,0
2026-06-10 16:40:00,frontend,request_latency_ms_p95,149.0907496951903,0
2026-06-10 16:41:00,frontend,request_latency_ms_p95,143.60347143128493,0
2026-06-10 16:42:00,frontend,request_latency_ms_p95,147.11703989663087,0
2026-06-10 16:43:00,frontend,request_latency_ms_p95,151.2682311280126,0
2026-06-10 16:44:00,frontend,request_latency_ms_p95,152.01784677798196,0
2026-06-10 16:45:00,frontend,request_latency_ms_p95,156.76189191073718,0
2026-06-10 16:46:00,frontend,request_latency_ms_p95,169.2092880766176,0
2026-06-10 16:47:00,frontend,request_latency_ms_p95,166.59410777775062,0
2026-06-10 16:48:00,frontend,request_latency_ms_p95,168.97759387356763,0
2026-06-10 16:49:00,frontend,request_latency_ms_p95,168.09007844242677,0
2026-06-10 16:50:00,frontend,request_latency_ms_p95,165.86023321370422,0
2026-06-10 16:51:00,frontend,request_latency_ms_p95,168.53014972523027,0
2026-06-10 16:52:00,frontend,request_latency_ms_p95,171.08203273411203,0
2026-06-10 16:53:00,frontend,request_latency_ms_p95,165.68910076678608,0
2026-06-10 16:54:00,frontend,request_latency_ms_p95,165.22427215425378,0
2026-06-10 16:55:00,frontend,request_latency_ms_p95,160.96492848341123,0
2026-06-10 16:56:00,frontend,request_latency_ms_p95,159.98952161987177,0
2026-06-10 16:57:00,frontend,request_latency_ms_p95,171.31652296643205,0
2026-06-10 16:58:00,frontend,request_latency_ms_p95,176.48324479327866,0
2026-06-10 16:59:00,frontend,request_latency_ms_p95,188.09017678978185,0
2026-06-10 17:00:00,frontend,request_latency_ms_p95,184.63905885089818,0
2026-06-10 17:01:00,frontend,request_latency_ms_p95,205.5402937400035,0
2026-06-10 17:02:00,frontend,request_latency_ms_p95,214.1412784557181,0
2026-06-10 17:03:00,frontend,request_latency_ms_p95,213.73873846652316,0
2026-06-10 17:04:00,frontend,request_latency_ms_p95,219.70996381836835,0
2026-06-10 17:05:00,frontend,request_latency_ms_p95,216.67054565312662,0
2026-06-10 17:06:00,frontend,request_latency_ms_p95,229.19488681154323,0
2026-06-10 17:07:00,frontend,request_latency_ms_p95,222.11615890430826,0
2026-06-10 17:08:00,frontend,request_latency_ms_p95,221.09306593617347,0
2026-06-10 17:09:00,frontend,request_latency_ms_p95,216.4133788357929,0
2026-06-10 17:10:00,frontend,request_latency_ms_p95,214.27391935849602,0
2026-06-10 17:11:00,frontend,request_latency_ms_p95,207.99080013008276,0
2026-06-10 17:12:00,frontend,request_latency_ms_p95,206.71676848168548,0
2026-06-10 17:13:00,frontend,request_latency_ms_p95,221.129591199064,0
2026-06-10 17:14:00,frontend,request_latency_ms_p95,219.2266394841958,0
2026-06-10 17:15:00,frontend,request_latency_ms_p95,223.78668701720954,0
2026-06-10 17:16:00,frontend,request_latency_ms_p95,236.38703496445547,0
2026-06-10 17:17:00,frontend,request_latency_ms_p95,241.3932239555989,0
2026-06-10 17:18:00,frontend,request_latency_ms_p95,245.86982466862415,0
2026-06-10 17:19:00,frontend,request_latency_ms_p95,237.44583808143426,0
2026-06-10 17:20:00,frontend,request_latency_ms_p95,241.26732824330702,0
2026-06-10 17:21:00,frontend,request_latency_ms_p95,226.52598773853515,0
2026-06-10 17:22:00,frontend,request_latency_ms_p95,220.76641669888645,0
2026-06-10 17:23:00,frontend,request_latency_ms_p95,215.51989523658588,0
2026-06-10 17:24:00,frontend,request_latency_ms_p95,212.58665396782152,0
2026-06-10 17:25:00,frontend,request_latency_ms_p95,197.47795134223026,0
2026-06-10 17:26:00,frontend,request_latency_ms_p95,203.05983437003877,0
2026-06-10 17:27:00,frontend,request_latency_ms_p95,202.73471318914767,0
2026-06-10 17:28:00,frontend,request_latency_ms_p95,191.9623998954282,0
2026-06-10 17:29:00,frontend,request_latency_ms_p95,196.94500542985824,0
2026-06-10 17:30:00,frontend,request_latency_ms_p95,195.31368042376357,0
2026-06-10 17:31:00,frontend,request_latency_ms_p95,193.9831812566471,0
2026-06-10 17:32:00,frontend,request_latency_ms_p95,189.91462750282076,0
2026-06-10 17:33:00,frontend,request_latency_ms_p95,194.3568796029061,0
2026-06-10 17:34:00,frontend,request_latency_ms_p95,191.75462952675244,0
2026-06-10 17:35:00,frontend,request_latency_ms_p95,195.2647667859726,0
2026-06-10 17:36:00,frontend,request_latency_ms_p95,172.56103380146862,0
2026-06-10 17:37:00,frontend,request_latency_ms_p95,172.40838938100222,0
2026-06-10 17:38:00,frontend,request_latency_ms_p95,162.9770924511547,0
2026-06-10 17:39:00,frontend,request_latency_ms_p95,157.9246973859034,0
2026-06-10 17:40:00,frontend,request_latency_ms_p95,151.48127867831397,0
2026-06-10 17:41:00,frontend,request_latency_ms_p95,149.86007302807798,0
2026-06-10 17:42:00,frontend,request_latency_ms_p95,149.54486594370715,0
2026-06-10 17:43:00,frontend,request_latency_ms_p95,153.63018441931035,0
2026-06-10 17:44:00,frontend,request_latency_ms_p95,162.0688751858927,0
2026-06-10 17:45:00,frontend,request_latency_ms_p95,154.23311700242726,0
2026-06-10 17:46:00,frontend,request_latency_ms_p95,170.20447127545583,0
2026-06-10 17:47:00,frontend,request_latency_ms_p95,170.83805022311438,0
2026-06-10 17:48:00,frontend,request_latency_ms_p95,168.68645829752808,0
2026-06-10 17:49:00,frontend,request_latency_ms_p95,177.11055154065124,0
2026-06-10 17:50:00,frontend,request_latency_ms_p95,175.76178212854546,0
2026-06-10 17:51:00,frontend,request_latency_ms_p95,177.0805041475196,0
2026-06-10 17:52:00,frontend,request_latency_ms_p95,176.60371232409932,0
2026-06-10 17:53:00,frontend,request_latency_ms_p95,168.42822769375127,0
2026-06-10 17:54:00,frontend,request_latency_ms_p95,161.45922637437582,0
2026-06-10 17:55:00,frontend,request_latency_ms_p95,163.55076291822897,0
2026-06-10 17:56:00,frontend,request_latency_ms_p95,166.77285834084233,0
2026-06-10 17:57:00,frontend,request_latency_ms_p95,166.99757395451755,0
2026-06-10 17:58:00,frontend,request_latency_ms_p95,172.5816021448026,0
2026-06-10 17:59:00,frontend,request_latency_ms_p95,195.01050647067643,0
2026-06-10 18:00:00,frontend,request_latency_ms_p95,194.3647902384095,0
2026-06-10 18:01:00,frontend,request_latency_ms_p95,205.01502908606182,0
2026-06-10 18:02:00,frontend,request_latency_ms_p95,217.72010274633408,0
2026-06-10 18:03:00,frontend,request_latency_ms_p95,218.48106712375065,0
2026-06-10 18:04:00,frontend,request_latency_ms_p95,227.13565227899397,0
2026-06-10 18:05:00,frontend,request_latency_ms_p95,215.98911218694957,0
2026-06-10 18:06:00,frontend,request_latency_ms_p95,217.30994209530658,0
2026-06-10 18:07:00,frontend,request_latency_ms_p95,226.27523274134532,0
2026-06-10 18:08:00,frontend,request_latency_ms_p95,219.6338164927219,0
2026-06-10 18:09:00,frontend,request_latency_ms_p95,212.7333246128983,0
2026-06-10 18:10:00,frontend,request_latency_ms_p95,211.44506454834223,0
2026-06-10 18:11:00,frontend,request_latency_ms_p95,208.31579888297588,0
2026-06-10 18:12:00,frontend,request_latency_ms_p95,309.1816215897975,1
2026-06-10 18:13:00,frontend,request_latency_ms_p95,311.79218912215924,0
2026-06-10 18:14:00,frontend,request_latency_ms_p95,323.00400249307745,0
2026-06-10 18:15:00,frontend,request_latency_ms_p95,324.2342566611346,0
2026-06-10 18:16:00,frontend,request_latency_ms_p95,332.1156179941163,0
2026-06-10 18:17:00,frontend,request_latency_ms_p95,234.90086071270056,1
2026-06-10 18:18:00,frontend,request_latency_ms_p95,245.60585139663056,0
2026-06-10 18:19:00,frontend,request_latency_ms_p95,241.84066135453966,0
2026-06-10 18:20:00,frontend,request_latency_ms_p95,230.39894287072292,0
2026-06-10 18:21:00,frontend,request_latency_ms_p95,234.9823954218462,0
2026-06-10 18:22:00,frontend,request_latency_ms_p95,230.66089737323608,0
2026-06-10 18:23:00,frontend,request_latency_ms_p95,217.5590689396587,0
2026-06-10 18:24:00,frontend,request_latency_ms_p95,209.65488019024832,0
2026-06-10 18:25:00,frontend,request_latency_ms_p95,208.04712323518993,0
2026-06-10 18:26:00,frontend,request_latency_ms_p95,199.90555401704577,0
2026-06-10 18:27:00,frontend,request_latency_ms_p95,197.4608697917095,0
2026-06-10 18:28:00,frontend,request_latency_ms_p95,196.9070637284845,0
2026-06-10 18:29:00,frontend,request_latency_ms_p95,201.06569343218894,0
2026-06-10 18:30:00,frontend,request_latency_ms_p95,194.8744792849344,0
2026-06-10 18:31:00,frontend,request_latency_ms_p95,195.9383537576045,0
2026-06-10 18:32:00,frontend,request_latency_ms_p95,200.6856637227309,0
2026-06-10 18:33:00,frontend,request_latency_ms_p95,203.71852919945673,0
2026-06-10 18:34:00,frontend,request_latency_ms_p95,195.2433424755142,0
2026-06-10 18:35:00,frontend,request_latency_ms_p95,185.97349430883727,0
2026-06-10 18:36:00,frontend,request_latency_ms_p95,184.57709302749544,0
2026-06-10 18:37:00,frontend,request_latency_ms_p95,179.65967339679946,0
2026-06-10 18:38:00,frontend,request_latency_ms_p95,162.01642079640666,0
2026-06-10 18:39:00,frontend,request_latency_ms_p95,161.70231000037538,0
2026-06-10 18:40:00,frontend,request_latency_ms_p95,152.03979277174597,0
2026-06-10 18:41:00,frontend,request_latency_ms_p95,138.78983091779153,0
2026-06-10 18:42:00,frontend,request_latency_ms_p95,155.0800656361035,0
2026-06-10 18:43:00,frontend,request_latency_ms_p95,149.04279374696384,0
2026-06-10 18:44:00,frontend,request_latency_ms_p95,159.64305157614606,0
2026-06-10 18:45:00,frontend,request_latency_ms_p95,158.40297709420233,0
2026-06-10 18:46:00,frontend,request_latency_ms_p95,164.28034234306529,0
2026-06-10 18:47:00,frontend,request_latency_ms_p95,171.80115935194496,0
2026-06-10 18:48:00,frontend,request_latency_ms_p95,171.11091578679003,0
2026-06-10 18:49:00,frontend,request_latency_ms_p95,169.76135098468413,0
2026-06-10 18:50:00,frontend,request_latency_ms_p95,175.2751830580308,0
2026-06-10 18:51:00,frontend,request_latency_ms_p95,174.0770636184129,0
2026-06-10 18:52:00,frontend,request_latency_ms_p95,168.23110895623122,0
2026-06-10 18:53:00,frontend,request_latency_ms_p95,166.78399412434007,0
2026-06-10 18:54:00,frontend,request_latency_ms_p95,159.34030130569835,0
2026-06-10 18:55:00,frontend,request_latency_ms_p95,171.2712195900966,0
2026-06-10 18:56:00,frontend,request_latency_ms_p95,173.5153876875998,0
2026-06-10 18:57:00,frontend,request_latency_ms_p95,169.55473111997014,0
2026-06-10 18:58:00,frontend,request_latency_ms_p95,185.51210063169495,0
2026-06-10 18:59:00,frontend,request_latency_ms_p95,183.6409698886281,0
2026-06-10 19:00:00,frontend,request_latency_ms_p95,189.32042670615246,0
2026-06-10 19:01:00,frontend,request_latency_ms_p95,205.8026174356671,0
2026-06-10 19:02:00,frontend,request_latency_ms_p95,223.49636474535973,0
2026-06-10 19:03:00,frontend,request_latency_ms_p95,219.51872346168955,0
2026-06-10 19:04:00,frontend,request_latency_ms_p95,230.37781124637536,0
2026-06-10 19:05:00,frontend,request_latency_ms_p95,228.79218199755275,0
2026-06-10 19:06:00,frontend,request_latency_ms_p95,223.3234747823333,0
2026-06-10 19:07:00,frontend,request_latency_ms_p95,219.08529102970925,0
2026-06-10 19:08:00,frontend,request_latency_ms_p95,220.93976734387834,0
2026-06-10 19:09:00,frontend,request_latency_ms_p95,223.70962736249797,0
2026-06-10 19:10:00,frontend,request_latency_ms_p95,218.96837247186448,0
2026-06-10 19:11:00,frontend,request_latency_ms_p95,221.76913319212287,0
2026-06-10 19:12:00,frontend,request_latency_ms_p95,212.1770329371659,0
2026-06-10 19:13:00,frontend,request_latency_ms_p95,230.6264838700846,0
2026-06-10 19:14:00,frontend,request_latency_ms_p95,226.53106833924218,0
2026-06-10 19:15:00,frontend,request_latency_ms_p95,228.52619373172053,0
2026-06-10 19:16:00,frontend,request_latency_ms_p95,240.23322754129057,0
2026-06-10 19:17:00,frontend,request_latency_ms_p95,244.8710815217913,0
2026-06-10 19:18:00,frontend,request_latency_ms_p95,239.64413941671538,0
2026-06-10 19:19:00,frontend,request_latency_ms_p95,241.99700706494315,0
2026-06-10 19:20:00,frontend,request_latency_ms_p95,235.63454798797662,0
2026-06-10 19:21:00,frontend,request_latency_ms_p95,237.38882397354575,0
2026-06-10 19:22:00,frontend,request_latency_ms_p95,228.12631438444313,0
2026-06-10 19:23:00,frontend,request_latency_ms_p95,218.1153993906723,0
2026-06-10 19:24:00,frontend,request_latency_ms_p95,213.20954221518892,0
2026-06-10 19:25:00,frontend,request_latency_ms_p95,213.44369917326128,0
2026-06-10 19:26:00,frontend,request_latency_ms_p95,199.80936755999457,0
2026-06-10 19:27:00,frontend,request_latency_ms_p95,189.28587279765836,0
2026-06-10 19:28:00,frontend,request_latency_ms_p95,198.56722956102246,0
2026-06-10 19:29:00,frontend,request_latency_ms_p95,187.6334380805257,0
2026-06-10 19:30:00,frontend,request_latency_ms_p95,199.46363549705524,0
2026-06-10 19:31:00,frontend,request_latency_ms_p95,197.30012341202357,0
2026-06-10 19:32:00,frontend,request_latency_ms_p95,200.20727400306532,0
2026-06-10 19:33:00,frontend,request_latency_ms_p95,199.97824119508027,0
2026-06-10 19:34:00,frontend,request_latency_ms_p95,196.4848043905227,0
2026-06-10 19:35:00,frontend,request_latency_ms_p95,186.37055739579216,0
2026-06-10 19:36:00,frontend,request_latency_ms_p95,186.63053768951883,0
2026-06-10 19:37:00,frontend,request_latency_ms_p95,174.14066606419618,0
2026-06-10 19:38:00,frontend,request_latency_ms_p95,165.5649471607698,0
2026-06-10 19:39:00,frontend,request_latency_ms_p95,163.0362318135318,0
2026-06-10 19:40:00,frontend,request_latency_ms_p95,156.11675548030357,0
2026-06-10 19:41:00,frontend,request_latency_ms_p95,160.65779838096134,0
2026-06-10 19:42:00,frontend,request_latency_ms_p95,147.07481248722786,0
2026-06-10 19:43:00,frontend,request_latency_ms_p95,148.74710794769192,0
2026-06-10 19:44:00,frontend,request_latency_ms_p95,156.1880688537698,0
2026-06-10 19:45:00,frontend,request_latency_ms_p95,157.90715069827831,0
2026-06-10 19:46:00,frontend,request_latency_ms_p95,173.0804737962953,0
2026-06-10 19:47:00,frontend,request_latency_ms_p95,172.68224401763538,0
2026-06-10 19:48:00,frontend,request_latency_ms_p95,169.85951959052906,0
2026-06-10 19:49:00,frontend,request_latency_ms_p95,180.7985550260541,0
2026-06-10 19:50:00,frontend,request_latency_ms_p95,182.16905971981762,0
2026-06-10 19:51:00,frontend,request_latency_ms_p95,165.72641220566564,0
2026-06-10 19:52:00,frontend,request_latency_ms_p95,178.9571195188944,0
2026-06-10 19:53:00,frontend,request_latency_ms_p95,177.74170658732828,0
2026-06-10 19:54:00,frontend,request_latency_ms_p95,166.02150862650572,0
2026-06-10 19:55:00,frontend,request_latency_ms_p95,171.37250183789038,0
2026-06-10 19:56:00,frontend,request_latency_ms_p95,171.91207442039516,0
2026-06-10 19:57:00,frontend,request_latency_ms_p95,174.66492757203676,0
2026-06-10 19:58:00,frontend,request_latency_ms_p95,185.18419067762693,0
2026-06-10 19:59:00,frontend,request_latency_ms_p95,187.37721481173577,0
